{
    "combiner": {
        "type": "concat"
    },
    "input_features": [
        {
            "encoder": "parallel_cnn",
            "name": "Q1",
            "tied_weights": null,
            "type": "numerical"
        },
        {
            "encoder": "parallel_cnn",
            "name": "Q2",
            "tied_weights": null,
            "type": "numerical"
        },
        {
            "encoder": "parallel_cnn",
            "name": "Q3",
            "tied_weights": null,
            "type": "numerical"
        },
        {
            "encoder": "parallel_cnn",
            "name": "Q4",
            "tied_weights": null,
            "type": "numerical"
        },
        {
            "encoder": "parallel_cnn",
            "name": "Q5",
            "tied_weights": null,
            "type": "numerical"
        },
        {
            "encoder": "parallel_cnn",
            "name": "Q6",
            "tied_weights": null,
            "type": "numerical"
        },
        {
            "encoder": "parallel_cnn",
            "name": "Q7",
            "tied_weights": null,
            "type": "numerical"
        },
        {
            "encoder": "parallel_cnn",
            "name": "Q8",
            "tied_weights": null,
            "type": "numerical"
        },
        {
            "encoder": "parallel_cnn",
            "name": "Q9",
            "tied_weights": null,
            "type": "numerical"
        },
        {
            "encoder": "parallel_cnn",
            "name": "Q10",
            "tied_weights": null,
            "type": "numerical"
        },
        {
            "encoder": "parallel_cnn",
            "name": "Q11",
            "tied_weights": null,
            "type": "numerical"
        },
        {
            "encoder": "parallel_cnn",
            "name": "Q12",
            "tied_weights": null,
            "type": "numerical"
        },
        {
            "encoder": "parallel_cnn",
            "name": "Q13",
            "tied_weights": null,
            "type": "numerical"
        },
        {
            "encoder": "parallel_cnn",
            "name": "Q14",
            "tied_weights": null,
            "type": "numerical"
        },
        {
            "encoder": "parallel_cnn",
            "name": "Q15",
            "tied_weights": null,
            "type": "numerical"
        },
        {
            "encoder": "parallel_cnn",
            "name": "Q16",
            "tied_weights": null,
            "type": "numerical"
        },
        {
            "encoder": "parallel_cnn",
            "name": "Q17",
            "tied_weights": null,
            "type": "numerical"
        },
        {
            "encoder": "parallel_cnn",
            "name": "Q18",
            "tied_weights": null,
            "type": "numerical"
        },
        {
            "encoder": "parallel_cnn",
            "name": "Q19",
            "tied_weights": null,
            "type": "numerical"
        },
        {
            "encoder": "parallel_cnn",
            "name": "Q20",
            "tied_weights": null,
            "type": "numerical"
        },
        {
            "encoder": "parallel_cnn",
            "name": "Q21",
            "tied_weights": null,
            "type": "numerical"
        },
        {
            "encoder": "parallel_cnn",
            "name": "Q22",
            "tied_weights": null,
            "type": "numerical"
        },
        {
            "encoder": "parallel_cnn",
            "name": "Q23",
            "tied_weights": null,
            "type": "numerical"
        },
        {
            "encoder": "parallel_cnn",
            "name": "Q24",
            "tied_weights": null,
            "type": "numerical"
        },
        {
            "encoder": "parallel_cnn",
            "name": "Q25",
            "tied_weights": null,
            "type": "numerical"
        },
        {
            "encoder": "parallel_cnn",
            "name": "Q26",
            "tied_weights": null,
            "type": "numerical"
        },
        {
            "encoder": "parallel_cnn",
            "name": "Q27",
            "tied_weights": null,
            "type": "numerical"
        },
        {
            "encoder": "parallel_cnn",
            "name": "Q28",
            "tied_weights": null,
            "type": "numerical"
        },
        {
            "encoder": "parallel_cnn",
            "name": "Q29",
            "tied_weights": null,
            "type": "numerical"
        },
        {
            "encoder": "parallel_cnn",
            "name": "Q30",
            "tied_weights": null,
            "type": "numerical"
        },
        {
            "encoder": "parallel_cnn",
            "name": "Q31",
            "tied_weights": null,
            "type": "numerical"
        },
        {
            "encoder": "parallel_cnn",
            "name": "Q32",
            "tied_weights": null,
            "type": "numerical"
        },
        {
            "encoder": "parallel_cnn",
            "name": "Q33",
            "tied_weights": null,
            "type": "numerical"
        },
        {
            "encoder": "parallel_cnn",
            "name": "Q34",
            "tied_weights": null,
            "type": "numerical"
        },
        {
            "encoder": "parallel_cnn",
            "name": "Q35",
            "tied_weights": null,
            "type": "numerical"
        },
        {
            "encoder": "parallel_cnn",
            "name": "Q36",
            "tied_weights": null,
            "type": "numerical"
        }
    ],
    "output_features": [
        {
            "dependencies": [],
            "loss": {
                "class_distance_temperature": 0,
                "class_weights": 1,
                "confidence_penalty": 0,
                "distortion": 1,
                "labels_smoothing": 0,
                "negative_samples": 0,
                "robust_lambda": 0,
                "sampler": null,
                "type": "softmax_cross_entropy",
                "unique": false,
                "weight": 1
            },
            "name": "Prediction",
            "num_classes": 5,
            "reduce_dependencies": "sum",
            "reduce_input": "sum",
            "top_k": 3,
            "type": "category"
        }
    ],
    "preprocessing": {
        "bag": {
            "fill_value": "",
            "format": "space",
            "lowercase": 10000,
            "missing_value_strategy": "fill_with_const",
            "most_common": false
        },
        "binary": {
            "fill_value": 0,
            "missing_value_strategy": "fill_with_const"
        },
        "category": {
            "fill_value": "<UNK>",
            "lowercase": false,
            "missing_value_strategy": "fill_with_const",
            "most_common": 10000
        },
        "force_split": false,
        "image": {
            "missing_value_strategy": "backfill"
        },
        "numerical": {
            "fill_value": 0,
            "missing_value_strategy": "fill_with_const"
        },
        "sequence": {
            "fill_value": "",
            "format": "space",
            "lowercase": false,
            "missing_value_strategy": "fill_with_const",
            "most_common": 20000,
            "padding": "right",
            "padding_symbol": "<PAD>",
            "sequence_length_limit": 256,
            "unknown_symbol": "<UNK>"
        },
        "set": {
            "fill_value": "",
            "format": "space",
            "lowercase": false,
            "missing_value_strategy": "fill_with_const",
            "most_common": 10000
        },
        "split_probabilities": [
            0.7,
            0.1,
            0.2
        ],
        "stratify": null,
        "text": {
            "char_format": "characters",
            "char_most_common": 70,
            "char_sequence_length_limit": 1024,
            "fill_value": "",
            "lowercase": true,
            "missing_value_strategy": "fill_with_const",
            "padding": "right",
            "padding_symbol": "<PAD>",
            "unknown_symbol": "<UNK>",
            "word_format": "space_punct",
            "word_most_common": 20000,
            "word_sequence_length_limit": 256
        },
        "timeseries": {
            "fill_value": "",
            "format": "space",
            "missing_value_strategy": "fill_with_const",
            "padding": "right",
            "padding_value": 0,
            "timeseries_length_limit": 256
        }
    },
    "random_seed": 42,
    "training": {
        "batch_size": 128,
        "bucketing_field": null,
        "decay": false,
        "decay_rate": 0.96,
        "decay_steps": 10000,
        "dropout_rate": 0.0,
        "early_stop": 3,
        "epochs": 45,
        "gradient_clipping": null,
        "increase_batch_size_on_plateau": 0,
        "increase_batch_size_on_plateau_max": 512,
        "increase_batch_size_on_plateau_patience": 5,
        "increase_batch_size_on_plateau_rate": 2,
        "learning_rate": 0.001,
        "learning_rate_warmup_epochs": 5,
        "optimizer": {
            "beta1": 0.9,
            "beta2": 0.999,
            "epsilon": 1e-08,
            "type": "adam"
        },
        "reduce_learning_rate_on_plateau": 0,
        "reduce_learning_rate_on_plateau_patience": 5,
        "reduce_learning_rate_on_plateau_rate": 0.5,
        "regularization_lambda": 0,
        "regularizer": "l2",
        "staircase": false,
        "validation_field": "combined",
        "validation_measure": "loss"
    }
}