{
    "Prediction": {
        "idx2str": [
            "<UNK>",
            "Minimum",
            "Severe",
            "Mild",
            "Moderate"
        ],
        "preprocessing": {
            "fill_value": "<UNK>",
            "lowercase": false,
            "missing_value_strategy": "fill_with_const",
            "most_common": 10000
        },
        "str2freq": {
            "<UNK>": 0,
            "Mild": 4374,
            "Minimum": 22417,
            "Moderate": 2876,
            "Severe": 5333
        },
        "str2idx": {
            "<UNK>": 0,
            "Mild": 3,
            "Minimum": 1,
            "Moderate": 4,
            "Severe": 2
        },
        "vocab_size": 5
    },
    "Q1": {
        "preprocessing": {
            "fill_value": 0,
            "missing_value_strategy": "fill_with_const"
        }
    },
    "Q10": {
        "preprocessing": {
            "fill_value": 0,
            "missing_value_strategy": "fill_with_const"
        }
    },
    "Q11": {
        "preprocessing": {
            "fill_value": 0,
            "missing_value_strategy": "fill_with_const"
        }
    },
    "Q12": {
        "preprocessing": {
            "fill_value": 0,
            "missing_value_strategy": "fill_with_const"
        }
    },
    "Q13": {
        "preprocessing": {
            "fill_value": 0,
            "missing_value_strategy": "fill_with_const"
        }
    },
    "Q14": {
        "preprocessing": {
            "fill_value": 0,
            "missing_value_strategy": "fill_with_const"
        }
    },
    "Q15": {
        "preprocessing": {
            "fill_value": 0,
            "missing_value_strategy": "fill_with_const"
        }
    },
    "Q16": {
        "preprocessing": {
            "fill_value": 0,
            "missing_value_strategy": "fill_with_const"
        }
    },
    "Q17": {
        "preprocessing": {
            "fill_value": 0,
            "missing_value_strategy": "fill_with_const"
        }
    },
    "Q18": {
        "preprocessing": {
            "fill_value": 0,
            "missing_value_strategy": "fill_with_const"
        }
    },
    "Q19": {
        "preprocessing": {
            "fill_value": 0,
            "missing_value_strategy": "fill_with_const"
        }
    },
    "Q2": {
        "preprocessing": {
            "fill_value": 0,
            "missing_value_strategy": "fill_with_const"
        }
    },
    "Q20": {
        "preprocessing": {
            "fill_value": 0,
            "missing_value_strategy": "fill_with_const"
        }
    },
    "Q21": {
        "preprocessing": {
            "fill_value": 0,
            "missing_value_strategy": "fill_with_const"
        }
    },
    "Q22": {
        "preprocessing": {
            "fill_value": 0,
            "missing_value_strategy": "fill_with_const"
        }
    },
    "Q23": {
        "preprocessing": {
            "fill_value": 0,
            "missing_value_strategy": "fill_with_const"
        }
    },
    "Q24": {
        "preprocessing": {
            "fill_value": 0,
            "missing_value_strategy": "fill_with_const"
        }
    },
    "Q25": {
        "preprocessing": {
            "fill_value": 0,
            "missing_value_strategy": "fill_with_const"
        }
    },
    "Q26": {
        "preprocessing": {
            "fill_value": 0,
            "missing_value_strategy": "fill_with_const"
        }
    },
    "Q27": {
        "preprocessing": {
            "fill_value": 0,
            "missing_value_strategy": "fill_with_const"
        }
    },
    "Q28": {
        "preprocessing": {
            "fill_value": 0,
            "missing_value_strategy": "fill_with_const"
        }
    },
    "Q29": {
        "preprocessing": {
            "fill_value": 0,
            "missing_value_strategy": "fill_with_const"
        }
    },
    "Q3": {
        "preprocessing": {
            "fill_value": 0,
            "missing_value_strategy": "fill_with_const"
        }
    },
    "Q30": {
        "preprocessing": {
            "fill_value": 0,
            "missing_value_strategy": "fill_with_const"
        }
    },
    "Q4": {
        "preprocessing": {
            "fill_value": 0,
            "missing_value_strategy": "fill_with_const"
        }
    },
    "Q5": {
        "preprocessing": {
            "fill_value": 0,
            "missing_value_strategy": "fill_with_const"
        }
    },
    "Q6": {
        "preprocessing": {
            "fill_value": 0,
            "missing_value_strategy": "fill_with_const"
        }
    },
    "Q7": {
        "preprocessing": {
            "fill_value": 0,
            "missing_value_strategy": "fill_with_const"
        }
    },
    "Q8": {
        "preprocessing": {
            "fill_value": 0,
            "missing_value_strategy": "fill_with_const"
        }
    },
    "Q9": {
        "preprocessing": {
            "fill_value": 0,
            "missing_value_strategy": "fill_with_const"
        }
    }
}